[
    {
      "icon": "create-outline",
      "name": " Clases",
      "redirectTo": "/clases"
    },
    {
      "icon": "time-outline",
      "name": " Horarios",
      "redirectTo": "/horarios"
    },
    {
      "icon": "checkbox-outline",
      "name": " Mis Reservas",
      "redirectTo": "/mis-reservas"
    },
    {
      "icon": "trending-up",
      "name": " Mis Resultados",
      "redirectTo": "/mis-resultados"
    },
    {
      "icon": "browsers-outline",
      "name": " White Board",
      "redirectTo": "/whiteboard"
    },
    {
      "icon": "timer-outline",
      "name": " Timer",
      "redirectTo": "/timer"
    },
    {
      "icon": "construct",
      "name": " Administrador",
      "redirectTo": "/admin/admin"
    }
  ]